{"cameraMode":{"drawMode":0,"name":"Shaded","section":"Shading Mode"},"sceneLighting":true,"audioPlay":false,"sceneViewState":{"showFog":false,"showMaterialUpdate":false,"showSkybox":false,"showFlares":false,"showImageEffects":false,"showParticleSystems":false},"in2DMode":false,"pivot":{"x":0.6556186676025391,"y":-1.6707568168640137,"z":-1.6427807807922364},"rotation":{"x":-0.18982833623886109,"y":0.7995749115943909,"z":-0.2991167902946472,"w":-0.4864644706249237},"size":20.121824264526368,"orthographic":false}