{"cameraMode":{"drawMode":0,"name":"Shaded","section":"Shading Mode"},"sceneLighting":true,"audioPlay":false,"sceneViewState":{"showFog":true,"showMaterialUpdate":false,"showSkybox":true,"showFlares":true,"showImageEffects":true,"showParticleSystems":true},"in2DMode":false,"pivot":{"x":-0.46996110677719118,"y":1.8653312921524048,"z":-0.050016164779663089},"rotation":{"x":0.008887560106813908,"y":-0.9903892278671265,"z":0.1316836178302765,"w":0.04767722636461258},"size":2.8091018199920656,"orthographic":false}