{"cameraMode":{"drawMode":0,"name":"Shaded","section":"Shading Mode"},"sceneLighting":false,"audioPlay":false,"sceneViewState":{"showFog":false,"showMaterialUpdate":false,"showSkybox":false,"showFlares":false,"showImageEffects":false,"showParticleSystems":false},"in2DMode":false,"pivot":{"x":-0.29697537422180178,"y":2.2178409099578859,"z":0.007513999938964844},"rotation":{"x":-0.037190020084381106,"y":0.9666035175323486,"z":-0.21458293497562409,"w":-0.14032667875289918},"size":7.343996047973633,"orthographic":false}