{"cameraMode":{"drawMode":0,"name":"Shaded","section":"Shading Mode"},"sceneLighting":true,"audioPlay":false,"sceneViewState":{"showFog":true,"showMaterialUpdate":true,"showSkybox":false,"showFlares":true,"showImageEffects":true,"showParticleSystems":true},"in2DMode":false,"pivot":{"x":-4.985808372497559,"y":1.1449072360992432,"z":-7.605467796325684},"rotation":{"x":-0.007793432101607323,"y":0.9960351586341858,"z":-0.04934556037187576,"w":-0.08217734843492508},"size":18.79546546936035,"orthographic":false}