{"cameraMode":{"drawMode":0,"name":"Shaded","section":"Shading Mode"},"sceneLighting":true,"audioPlay":false,"sceneViewState":{"showFog":true,"showMaterialUpdate":true,"showSkybox":false,"showFlares":true,"showImageEffects":true,"showParticleSystems":true},"in2DMode":false,"pivot":{"x":-13.431900978088379,"y":4.164954662322998,"z":-5.777660369873047},"rotation":{"x":0.0009388384642079473,"y":0.9941413402557373,"z":-0.10375536978244782,"w":0.04665229842066765},"size":30.663450241088868,"orthographic":false}