{"cameraMode":{"drawMode":0,"name":"Shaded","section":"Shading Mode"},"sceneLighting":false,"audioPlay":false,"sceneViewState":{"showFog":true,"showMaterialUpdate":true,"showSkybox":false,"showFlares":true,"showImageEffects":true,"showParticleSystems":true},"in2DMode":false,"pivot":{"x":0.09943962097167969,"y":2.484999656677246,"z":1.1545685529708863},"rotation":{"x":-0.035723716020584109,"y":0.9683693647384644,"z":-0.19241832196712495,"w":-0.15896819531917573},"size":12.224082946777344,"orthographic":false}