{"cameraMode":{"drawMode":0,"name":"Shaded","section":"Shading Mode"},"sceneLighting":true,"audioPlay":false,"sceneViewState":{"showFog":true,"showMaterialUpdate":true,"showSkybox":false,"showFlares":true,"showImageEffects":true,"showParticleSystems":true},"in2DMode":false,"pivot":{"x":-9.161894798278809,"y":2.5509276390075685,"z":-4.209890365600586},"rotation":{"x":-0.0009322426049038768,"y":0.9975873231887817,"z":-0.05295591428875923,"w":0.0571187287569046},"size":20.446069717407228,"orthographic":false}