{"cameraMode":{"drawMode":0,"name":"Shaded","section":"Shading Mode"},"sceneLighting":false,"audioPlay":false,"sceneViewState":{"showFog":false,"showMaterialUpdate":false,"showSkybox":false,"showFlares":false,"showImageEffects":false,"showParticleSystems":false},"in2DMode":false,"pivot":{"x":1.7749991416931153,"y":1.9999990463256837,"z":25.0},"rotation":{"x":0.044774074107408527,"y":0.9325380325317383,"z":-0.33009225130081179,"w":0.1443883329629898},"size":40.41835021972656,"orthographic":false}