{"cameraMode":{"drawMode":0,"name":"Shaded","section":"Shading Mode"},"sceneLighting":true,"audioPlay":false,"sceneViewState":{"showFog":true,"showMaterialUpdate":true,"showSkybox":true,"showFlares":true,"showImageEffects":true,"showParticleSystems":true},"in2DMode":false,"pivot":{"x":-1.0288872718811036,"y":1.5329338312149048,"z":-0.01789877936244011},"rotation":{"x":-0.08001965284347534,"y":-0.9061028361320496,"z":0.21499644219875337,"w":-0.3569032847881317},"size":6.0366902351379398,"orthographic":false}