{"cameraMode":{"drawMode":0,"name":"Shaded","section":"Shading Mode"},"sceneLighting":true,"audioPlay":false,"sceneViewState":{"showFog":true,"showMaterialUpdate":false,"showSkybox":true,"showFlares":true,"showImageEffects":true,"showParticleSystems":true},"in2DMode":false,"pivot":{"x":-3.2186102867126467,"y":1.4018449783325196,"z":-2.2137258052825929},"rotation":{"x":-0.030870087444782258,"y":0.8942418694496155,"z":-0.4422793388366699,"w":-0.062368836253881457},"size":10.11327838897705,"orthographic":false}