{"cameraMode":{"drawMode":0,"name":"Shaded","section":"Shading Mode"},"sceneLighting":false,"audioPlay":false,"sceneViewState":{"showFog":true,"showMaterialUpdate":true,"showSkybox":false,"showFlares":true,"showImageEffects":true,"showParticleSystems":true},"in2DMode":false,"pivot":{"x":0.07871171832084656,"y":2.3851070404052736,"z":-0.0886073112487793},"rotation":{"x":-0.005550980102270842,"y":0.9951984882354736,"z":-0.10362555831670761,"w":-0.013004289008677006},"size":6.113642692565918,"orthographic":false}