{"cameraMode":{"drawMode":0,"name":"Shaded","section":"Shading Mode"},"sceneLighting":true,"audioPlay":false,"sceneViewState":{"showFog":true,"showMaterialUpdate":true,"showSkybox":true,"showFlares":true,"showImageEffects":true,"showParticleSystems":true},"in2DMode":false,"pivot":{"x":-0.7721010446548462,"y":1.4469640254974366,"z":-1.2000117301940919},"rotation":{"x":0.012264876626431942,"y":-0.992904007434845,"z":0.10459085553884506,"w":0.06281573325395584},"size":9.3893404006958,"orthographic":false}