{"cameraMode":{"drawMode":0,"name":"Shaded","section":"Shading Mode"},"sceneLighting":true,"audioPlay":false,"sceneViewState":{"showFog":true,"showMaterialUpdate":false,"showSkybox":true,"showFlares":true,"showImageEffects":true,"showParticleSystems":true},"in2DMode":false,"pivot":{"x":-7.481077671051025,"y":1.8714139461517335,"z":0.24537372589111329},"rotation":{"x":-0.03987962752580643,"y":-0.9437695145606995,"z":0.30327630043029787,"w":-0.12691503763198853},"size":13.932018280029297,"orthographic":false}