{"cameraMode":{"drawMode":0,"name":"Shaded","section":"Shading Mode"},"sceneLighting":true,"audioPlay":false,"sceneViewState":{"showFog":false,"showMaterialUpdate":false,"showSkybox":false,"showFlares":false,"showImageEffects":false,"showParticleSystems":false},"in2DMode":false,"pivot":{"x":0.003496915102005005,"y":2.220654010772705,"z":-0.11731767654418946},"rotation":{"x":-0.004788937047123909,"y":0.9998048543930054,"z":0.0013954454334452749,"w":-0.04201299697160721},"size":9.346343994140625,"orthographic":false}