{"cameraMode":{"drawMode":0,"name":"Shaded","section":"Shading Mode"},"sceneLighting":true,"audioPlay":false,"sceneViewState":{"showFog":true,"showMaterialUpdate":false,"showSkybox":true,"showFlares":true,"showImageEffects":true,"showParticleSystems":true},"in2DMode":false,"pivot":{"x":-0.22012341022491456,"y":2.4665300846099855,"z":0.054888248443603519},"rotation":{"x":-0.01605904847383499,"y":0.9766918420791626,"z":-0.07809580117464066,"w":-0.1996491551399231},"size":10.684450149536133,"orthographic":false}