{"cameraMode":{"drawMode":0,"name":"Shaded","section":"Shading Mode"},"sceneLighting":false,"audioPlay":false,"sceneViewState":{"showFog":true,"showMaterialUpdate":false,"showSkybox":false,"showFlares":true,"showImageEffects":true,"showParticleSystems":true},"in2DMode":false,"pivot":{"x":-5.963145732879639,"y":3.121495246887207,"z":-0.1628255844116211},"rotation":{"x":0.0006345196161419153,"y":0.9841175675392151,"z":-0.1778683215379715,"w":0.003805713029578328},"size":13.843955993652344,"orthographic":false}