{"cameraMode":{"drawMode":0,"name":"Shaded","section":"Shading Mode"},"sceneLighting":true,"audioPlay":false,"sceneViewState":{"showFog":false,"showMaterialUpdate":false,"showSkybox":false,"showFlares":false,"showImageEffects":false,"showParticleSystems":false},"in2DMode":false,"pivot":{"x":1.183474063873291,"y":0.9176977872848511,"z":0.577946662902832},"rotation":{"x":-0.03531308472156525,"y":0.9466057419776917,"z":-0.08653700351715088,"w":-0.3109213709831238},"size":7.680760383605957,"orthographic":false}