{"cameraMode":{"drawMode":0,"name":"Shaded","section":"Shading Mode"},"sceneLighting":false,"audioPlay":false,"sceneViewState":{"showFog":true,"showMaterialUpdate":false,"showSkybox":false,"showFlares":true,"showImageEffects":true,"showParticleSystems":true},"in2DMode":false,"pivot":{"x":2.7727861404418947,"y":10.493478775024414,"z":-1.8779373168945313},"rotation":{"x":-0.005099507048726082,"y":0.9963800311088562,"z":-0.07660380005836487,"w":-0.04274634271860123},"size":25.486114501953126,"orthographic":false}