{"cameraMode":{"drawMode":0,"name":"Shaded","section":"Shading Mode"},"sceneLighting":false,"audioPlay":false,"sceneViewState":{"showFog":true,"showMaterialUpdate":false,"showSkybox":false,"showFlares":true,"showImageEffects":true,"showParticleSystems":true},"in2DMode":false,"pivot":{"x":-0.38960856199264529,"y":0.6616929769515991,"z":0.28251612186431887},"rotation":{"x":0.02200215309858322,"y":-0.9002901315689087,"z":0.039689622819423679,"w":0.4335806369781494},"size":3.830817699432373,"orthographic":false}