{"cameraMode":{"drawMode":0,"name":"Shaded","section":"Shading Mode"},"sceneLighting":true,"audioPlay":false,"sceneViewState":{"showFog":true,"showMaterialUpdate":false,"showSkybox":true,"showFlares":true,"showImageEffects":true,"showParticleSystems":true},"in2DMode":false,"pivot":{"x":-5.724751949310303,"y":0.06704521179199219,"z":-0.8502922058105469},"rotation":{"x":0.012957076542079449,"y":-0.9589333534240723,"z":0.28121501207351687,"w":0.0400778092443943},"size":28.355045318603517,"orthographic":false}