{"cameraMode":{"drawMode":0,"name":"Shaded","section":"Shading Mode"},"sceneLighting":true,"audioPlay":false,"sceneViewState":{"showFog":true,"showMaterialUpdate":true,"showSkybox":true,"showFlares":true,"showImageEffects":true,"showParticleSystems":true},"in2DMode":false,"pivot":{"x":-3.131782054901123,"y":3.1621227264404299,"z":-0.22566843032836915},"rotation":{"x":0.027703458443284036,"y":-0.9556149244308472,"z":0.08278875797986984,"w":0.2834715247154236},"size":7.274445533752441,"orthographic":false}