{"cameraMode":{"drawMode":0,"name":"Shaded","section":"Shading Mode"},"sceneLighting":true,"audioPlay":false,"sceneViewState":{"showFog":true,"showMaterialUpdate":false,"showSkybox":true,"showFlares":true,"showImageEffects":true,"showParticleSystems":true},"in2DMode":false,"pivot":{"x":-3.38694429397583,"y":1.3347265720367432,"z":-0.8210219740867615},"rotation":{"x":-0.003376624546945095,"y":0.9951618313789368,"z":-0.09912534058094025,"w":-0.017267009243369104},"size":4.229750156402588,"orthographic":false}