{"cameraMode":{"drawMode":0,"name":"Shaded","section":"Shading Mode"},"sceneLighting":true,"audioPlay":false,"sceneViewState":{"showFog":true,"showMaterialUpdate":true,"showSkybox":false,"showFlares":true,"showImageEffects":true,"showParticleSystems":true},"in2DMode":false,"pivot":{"x":-3.22025990486145,"y":-1.034897804260254,"z":-3.9557065963745119},"rotation":{"x":0.0008985259337350726,"y":0.9949909448623657,"z":-0.09627901762723923,"w":0.04513388127088547},"size":13.627516746520996,"orthographic":false}