{"cameraMode":{"drawMode":0,"name":"Shaded","section":"Shading Mode"},"sceneLighting":true,"audioPlay":false,"sceneViewState":{"showFog":true,"showMaterialUpdate":false,"showSkybox":true,"showFlares":true,"showImageEffects":true,"showParticleSystems":true},"in2DMode":false,"pivot":{"x":-2.2474353313446047,"y":1.5351338386535645,"z":-1.0374679565429688},"rotation":{"x":0.011471480131149292,"y":-0.9890843033790588,"z":0.11050230264663696,"w":0.09830453991889954},"size":8.085908889770508,"orthographic":false}