{"cameraMode":{"drawMode":0,"name":"Shaded","section":"Shading Mode"},"sceneLighting":true,"audioPlay":false,"sceneViewState":{"showFog":true,"showMaterialUpdate":true,"showSkybox":false,"showFlares":true,"showImageEffects":true,"showParticleSystems":true},"in2DMode":false,"pivot":{"x":-0.438218891620636,"y":2.793138265609741,"z":-5.198362350463867},"rotation":{"x":-0.015217089094221592,"y":0.9833456873893738,"z":0.06553860008716583,"w":0.17259323596954347},"size":9.247627258300782,"orthographic":false}