{"cameraMode":{"drawMode":0,"name":"Shaded","section":"Shading Mode"},"sceneLighting":true,"audioPlay":false,"sceneViewState":{"showFog":true,"showMaterialUpdate":false,"showSkybox":true,"showFlares":true,"showImageEffects":true,"showParticleSystems":true},"in2DMode":false,"pivot":{"x":-0.22012341022491456,"y":2.4665300846099855,"z":0.054888248443603519},"rotation":{"x":-0.007421109359711409,"y":0.9770604968070984,"z":-0.034003984183073047,"w":-0.21043995022773744},"size":3.3780100345611574,"orthographic":false}