{"cameraMode":{"drawMode":0,"name":"Shaded","section":"Shading Mode"},"sceneLighting":false,"audioPlay":false,"sceneViewState":{"showFog":true,"showMaterialUpdate":false,"showSkybox":false,"showFlares":true,"showImageEffects":true,"showParticleSystems":true},"in2DMode":false,"pivot":{"x":0.06270694732666016,"y":0.8513549566268921,"z":0.08007422089576721},"rotation":{"x":-0.002317455131560564,"y":-0.9950870871543884,"z":0.06030179560184479,"w":-0.08199857175350189},"size":4.619726181030273,"orthographic":false}