{"cameraMode":{"drawMode":0,"name":"Shaded","section":"Shading Mode"},"sceneLighting":true,"audioPlay":false,"sceneViewState":{"showFog":true,"showMaterialUpdate":true,"showSkybox":false,"showFlares":true,"showImageEffects":true,"showParticleSystems":true},"in2DMode":false,"pivot":{"x":0.6125364899635315,"y":2.1846978664398195,"z":-0.025022029876708986},"rotation":{"x":-0.002324588829651475,"y":0.9983397722244263,"z":-0.05892868712544441,"w":0.03471504524350166},"size":5.892945289611816,"orthographic":false}