{"cameraMode":{"drawMode":0,"name":"Shaded","section":"Shading Mode"},"sceneLighting":true,"audioPlay":false,"sceneViewState":{"showFog":true,"showMaterialUpdate":true,"showSkybox":false,"showFlares":true,"showImageEffects":true,"showParticleSystems":true},"in2DMode":false,"pivot":{"x":-1.6723743677139283,"y":2.6121630668640138,"z":-1.0393586158752442},"rotation":{"x":-0.002993583446368575,"y":0.9993307590484619,"z":-0.03943668305873871,"w":0.03163184970617294},"size":10.917387008666993,"orthographic":false}