{"cameraMode":{"drawMode":0,"name":"Shaded","section":"Shading Mode"},"sceneLighting":true,"audioPlay":false,"sceneViewState":{"showFog":true,"showMaterialUpdate":true,"showSkybox":false,"showFlares":true,"showImageEffects":true,"showParticleSystems":true},"in2DMode":false,"pivot":{"x":-1.0372530221939088,"y":1.7158775329589844,"z":0.39211320877075198},"rotation":{"x":0.031231485307216646,"y":-0.9628453254699707,"z":0.10671861469745636,"w":0.2482454776763916},"size":3.7988533973693849,"orthographic":false}